total,average,null
subject1,714,39.666666666666664,0
subject2,582,32.333333333333336,0
subject3,630,35.0,0
subject4,568,31.555555555555557,0
subject5,619,34.388888888888886,0
